age,balance,day,duration,campaign,job_blue-collar,job_entrepreneur,job_housemaid,job_management,job_retired,job_self-employed,job_services,job_student,job_technician,job_unemployed,job_unknown,marital_married,marital_single,education_secondary,education_tertiary,education_unknown,default_yes,housing_yes,loan_yes,contact_telephone,contact_unknown,month_aug,month_dec,month_feb,month_jan,month_jul,month_jun,month_mar,month_may,month_nov,month_oct,actual_subscribed,predicted_probability,lr_smote_prediction
45,66,13,3366,3,True,False,False,False,False,False,False,False,False,False,False,True,False,True,False,False,False,True,False,False,True,False,False,False,False,False,False,False,True,False,False,no,0.9978972583126069,yes
37,359,7,3422,2,True,False,False,False,False,False,False,False,False,False,False,True,False,False,True,False,False,False,True,False,False,True,False,False,False,False,False,False,False,False,False,no,0.9970609178868929,yes
43,423,14,3322,2,False,False,False,False,False,True,False,False,False,False,False,True,False,False,True,False,False,False,False,False,False,True,False,False,False,False,False,False,False,False,False,no,0.9916058067480381,yes
36,78,30,2692,9,False,False,True,False,False,False,False,False,False,False,False,True,False,False,False,False,False,True,False,True,False,False,False,False,False,True,False,False,False,False,False,yes,0.9865152191628069,yes
29,213,6,2653,3,True,False,False,False,False,False,False,False,False,False,False,False,True,False,False,False,False,True,False,False,True,False,False,False,False,False,True,False,False,False,False,yes,0.9862266952017709,yes
47,126,3,2456,2,True,False,False,False,False,False,False,False,False,False,False,False,False,False,False,False,False,True,False,False,True,False,False,False,False,False,True,False,False,False,False,yes,0.9702800402757392,yes
48,1279,20,2429,1,False,False,False,False,False,False,False,True,False,False,False,False,True,False,False,True,False,False,False,True,False,False,False,False,False,False,False,False,False,False,True,no,0.9669912118753696,yes
53,2656,30,1980,2,True,False,False,False,False,False,False,False,False,False,False,False,False,False,False,False,False,True,False,False,True,False,False,False,False,False,False,False,True,False,False,yes,0.9626196662055313,yes
42,1364,15,1867,6,False,False,False,False,False,False,False,False,True,False,False,False,True,True,False,False,False,True,False,False,True,False,False,False,False,False,False,False,True,False,False,yes,0.9598488263907836,yes
41,650,20,2420,3,False,False,False,False,False,False,False,False,True,False,False,False,True,True,False,False,False,True,False,False,False,False,False,False,False,False,False,False,False,True,False,yes,0.9592658364238541,yes
29,271,20,1882,2,False,False,False,False,False,False,True,False,False,False,False,False,True,True,False,False,False,True,False,False,True,False,False,False,False,False,False,False,True,False,False,yes,0.953675191750811,yes
40,10,9,1692,2,True,False,False,False,False,False,False,False,False,False,False,True,False,True,False,False,False,True,False,False,True,False,False,False,False,False,False,False,True,False,False,yes,0.9446654825825416,yes
30,296,22,1809,5,False,False,False,False,False,False,False,False,True,False,False,True,False,False,True,False,False,False,False,False,False,True,False,False,False,False,False,False,False,False,False,no,0.9414520860719251,yes
33,1968,20,1817,3,False,False,False,False,False,False,False,False,True,False,False,True,False,True,False,False,False,True,False,False,False,False,False,False,False,False,False,False,False,False,False,yes,0.9397533651210582,yes
26,-70,1,1992,2,False,False,False,False,False,False,False,False,True,False,False,False,False,False,True,False,False,False,True,False,True,False,False,False,False,True,False,False,False,False,False,no,0.9378692009749531,yes
34,247,12,1727,5,False,False,False,False,False,False,False,False,False,False,False,True,False,True,False,False,False,True,True,False,True,False,False,False,False,False,False,False,True,False,False,no,0.9347694710996777,yes
49,320,9,1971,4,False,False,False,False,False,False,True,False,False,False,False,True,False,True,False,False,False,False,False,True,False,False,False,True,False,False,False,False,False,False,False,yes,0.9303123621596221,yes
29,199,7,1689,4,False,False,False,True,False,False,False,False,False,False,False,True,False,False,True,False,False,True,True,False,True,False,False,False,False,False,False,False,True,False,False,yes,0.9287876729821651,yes
26,6840,28,1560,2,False,False,False,True,False,False,False,False,False,False,False,False,True,False,True,False,False,True,False,False,True,False,False,False,False,False,False,False,True,False,False,yes,0.918354050061782,yes
31,2910,23,1392,2,True,False,False,False,False,False,False,False,False,False,False,True,False,True,False,False,False,True,False,False,True,False,False,False,False,False,False,False,True,False,False,yes,0.9180380207584091,yes
35,994,23,1349,8,True,False,False,False,False,False,False,False,False,False,False,True,False,False,False,False,False,True,False,False,True,False,False,False,False,False,False,False,True,False,False,yes,0.9137367638135528,yes
36,195,7,1297,2,True,False,False,False,False,False,False,False,False,False,False,True,False,True,False,False,False,True,True,False,False,False,False,False,False,False,False,False,True,False,False,no,0.9132937653376221,yes
42,7547,29,1569,2,True,False,False,False,False,False,False,False,False,False,False,False,True,True,False,False,False,False,False,False,False,False,False,False,False,True,False,False,False,False,False,no,0.9118378562850348,yes
35,36,16,1656,5,False,False,False,True,False,False,False,False,False,False,False,True,False,False,True,False,False,False,True,False,False,False,False,False,False,True,False,False,False,False,False,yes,0.9067031708218111,yes
32,9714,15,1237,2,True,False,False,False,False,False,False,False,False,False,False,True,False,True,False,False,False,True,False,False,False,False,False,False,False,False,False,False,True,False,False,no,0.9062285743086443,yes
25,195,16,1339,3,True,False,False,False,False,False,False,False,False,False,False,False,True,True,False,False,False,False,False,False,False,False,False,False,False,True,False,False,False,False,False,no,0.9054397345784823,yes
40,-438,11,1017,1,True,False,False,False,False,False,False,False,False,False,False,True,False,True,False,False,False,False,False,False,False,False,False,False,False,False,False,False,True,False,False,yes,0.9045988989672776,yes
43,580,11,1514,1,False,False,False,True,False,False,False,False,False,False,False,False,False,False,True,False,False,True,False,False,False,False,False,False,False,False,False,False,True,False,False,yes,0.9041481661867329,yes
31,1979,6,1205,1,True,False,False,False,False,False,False,False,False,False,False,False,True,True,False,False,False,True,True,False,False,False,False,False,False,False,False,False,True,False,False,yes,0.9035237362147848,yes
35,22,15,1190,2,True,False,False,False,False,False,False,False,False,False,False,True,False,False,False,False,False,True,False,False,False,False,False,False,False,False,False,False,True,False,False,yes,0.9012732814285455,yes
44,0,14,1594,1,False,False,False,False,False,False,False,False,False,False,False,False,False,True,False,False,False,False,False,False,False,False,False,False,False,False,False,False,False,False,False,yes,0.8987549328740999,yes
30,1073,5,1130,4,True,False,False,False,False,False,False,False,False,False,False,False,True,True,False,False,False,True,False,False,False,False,False,False,False,False,False,False,True,False,False,no,0.8973527507945398,yes
36,148,15,1357,4,False,False,False,False,False,False,False,False,False,False,False,False,True,True,False,False,False,True,False,False,False,False,False,False,False,False,False,False,True,False,False,yes,0.8962912360285488,yes
44,244,12,1735,4,False,False,False,False,False,False,False,False,True,False,False,False,True,True,False,False,False,True,False,False,False,True,False,False,False,False,False,False,False,False,False,yes,0.8960691083398266,yes
23,965,21,1161,4,True,False,False,False,False,False,False,False,False,False,False,False,True,False,False,False,False,True,False,False,True,False,False,False,False,False,False,False,True,False,False,no,0.8942757414586979,yes
25,703,5,1100,3,False,False,False,False,False,False,False,True,False,False,False,False,True,True,False,False,False,False,False,False,False,False,False,False,False,False,False,False,True,False,False,no,0.88775215234637,yes
26,237,4,1091,3,False,False,False,False,False,False,False,False,True,False,False,False,True,True,False,False,False,True,False,False,False,False,False,False,False,False,False,False,True,False,False,yes,0.8872022730007696,yes
35,0,20,1205,1,True,False,False,False,False,False,False,False,False,False,False,False,False,True,False,False,False,True,False,False,True,False,False,False,False,False,False,False,True,False,False,yes,0.8828128736820349,yes
28,-76,14,1271,2,False,False,False,True,False,False,False,False,False,False,False,False,False,True,False,False,False,False,True,False,False,False,False,False,False,True,False,False,False,False,False,no,0.881243856667881,yes
39,1355,14,1180,1,False,False,False,False,False,False,False,False,True,False,False,False,True,True,False,False,False,True,False,False,False,False,False,False,False,False,False,False,True,False,False,yes,0.8811162369117262,yes
44,105,6,1529,2,False,False,False,True,False,False,False,False,False,False,False,True,False,False,True,False,False,True,False,False,True,False,False,False,False,False,False,False,True,False,False,no,0.8723221028123365,yes
28,957,25,915,2,False,False,False,True,False,False,False,False,False,False,False,False,True,False,True,False,False,False,False,False,False,False,False,False,False,False,False,False,True,False,False,yes,0.8706285083698747,yes
25,381,15,951,1,True,False,False,False,False,False,False,False,False,False,False,False,True,True,False,False,False,True,False,False,False,False,False,False,False,False,False,False,True,False,False,no,0.8691552993372769,yes
39,261,4,841,4,True,False,False,False,False,False,False,False,False,False,False,True,False,True,False,False,False,False,False,False,False,False,False,False,False,False,False,False,True,False,False,yes,0.867251308899168,yes
32,5252,21,1162,2,True,False,False,False,False,False,False,False,False,False,False,False,True,True,False,False,False,True,False,False,True,False,False,False,False,False,False,False,True,False,False,no,0.8670907799939538,yes
53,185,8,1448,2,False,False,False,False,False,False,False,False,True,False,False,False,True,False,True,False,False,True,False,False,False,False,False,False,False,False,False,False,True,False,False,yes,0.8642019726222874,yes
46,404,12,1388,7,False,True,False,False,False,False,False,False,False,False,False,True,False,True,False,False,False,True,False,True,False,False,False,False,False,False,False,False,True,False,False,no,0.8635008873560764,yes
32,2018,11,1238,1,False,False,False,True,False,False,False,False,False,False,False,False,True,True,False,False,False,False,False,False,False,True,False,False,False,False,False,False,False,False,False,yes,0.8632215675391939,yes
38,0,16,1473,6,False,False,False,False,False,False,True,False,False,False,False,True,False,True,False,False,False,False,True,False,False,False,False,False,False,True,False,False,False,False,False,no,0.8617710694790717,yes
31,1074,23,1438,2,False,False,False,False,False,True,False,False,False,False,False,True,False,False,False,False,False,True,False,False,True,False,False,False,False,False,False,False,True,False,False,no,0.8586293283641785,yes
31,208,12,1344,7,False,False,False,False,False,False,False,False,True,False,False,False,True,False,True,False,False,False,False,False,False,True,False,False,False,False,False,False,False,False,False,yes,0.8580340950021234,yes
33,210,13,1207,2,False,False,False,False,False,False,True,False,False,False,False,True,False,True,False,False,False,True,False,False,False,False,False,False,False,False,False,False,True,False,False,yes,0.857522814996288,yes
47,568,12,1613,1,False,False,False,False,False,False,False,False,True,False,False,True,False,True,False,False,False,True,False,False,False,True,False,False,False,False,False,False,False,False,False,yes,0.8547000084989059,yes
38,9609,11,1687,9,False,False,False,False,False,False,True,False,False,False,False,False,True,True,False,False,False,True,False,False,False,True,False,False,False,False,False,False,False,False,False,no,0.853999058302914,yes
34,194,15,1015,1,False,False,False,False,False,False,False,False,True,False,False,False,True,True,False,False,False,True,True,False,False,False,False,False,False,False,False,False,True,False,False,yes,0.8517412488387167,yes
41,-233,15,1156,2,False,False,False,False,True,False,False,False,False,False,False,False,False,False,False,False,False,True,False,False,True,False,False,False,False,False,False,False,True,False,False,yes,0.8457864887530809,yes
29,2203,6,1131,2,False,False,False,False,False,False,False,False,True,False,False,False,True,False,True,False,False,True,False,False,False,False,False,False,False,False,False,False,True,False,False,no,0.8396446561857406,yes
34,-30,21,1360,3,False,False,False,False,False,False,True,False,False,False,False,False,True,True,False,False,False,False,False,False,False,False,False,False,False,True,False,False,False,False,False,yes,0.8386817870398748,yes
40,284,20,1332,2,False,False,False,False,False,False,False,False,True,False,False,True,False,False,False,False,False,True,False,False,False,False,False,False,False,False,False,False,False,False,False,yes,0.8304116749503947,yes
37,1207,6,1353,2,False,False,False,False,False,False,False,False,False,False,False,True,False,True,False,False,False,True,False,True,False,False,False,False,False,False,False,False,False,False,False,yes,0.8273460104306126,yes
31,9874,23,1222,5,False,False,False,True,False,False,False,False,False,False,False,False,True,False,True,False,False,True,False,False,True,False,False,False,False,False,False,False,True,False,False,no,0.8265283779310151,yes
40,542,20,1816,1,False,False,False,True,False,False,False,False,False,False,False,True,False,False,True,False,False,True,False,False,False,False,False,False,False,False,False,False,False,True,False,no,0.823854057010357,yes
33,1733,14,895,3,False,False,False,False,False,False,False,False,True,False,False,False,True,True,False,False,False,True,False,False,False,False,False,False,False,False,False,False,True,False,False,no,0.8232833403395334,yes
25,4461,11,796,5,False,False,False,True,False,False,False,False,False,False,False,True,False,False,True,False,False,False,False,False,False,False,False,False,False,False,False,True,False,False,False,yes,0.821496429504899,yes
39,45248,6,1623,1,False,False,False,False,False,False,False,False,True,False,False,False,True,False,False,True,False,True,False,False,True,False,False,False,False,False,False,False,True,False,False,yes,0.8212928454080256,yes
50,363,16,1340,1,False,False,False,False,False,False,False,False,False,False,False,False,False,True,False,False,False,True,False,False,True,False,False,False,False,False,False,False,True,False,False,yes,0.8203402939969121,yes
39,3,7,1145,1,False,False,False,True,False,False,False,False,False,False,False,True,False,False,True,False,False,True,False,False,False,False,False,False,False,False,False,False,True,False,False,no,0.8186838144570528,yes
28,313,9,1183,2,False,False,False,False,False,False,False,False,True,False,False,False,True,True,False,False,False,False,False,False,False,False,False,True,False,False,False,False,False,False,False,yes,0.818562380000959,yes
33,4570,22,1258,2,False,False,False,True,False,False,False,False,False,False,False,True,False,False,True,False,False,False,False,False,False,True,False,False,False,False,False,False,False,False,False,yes,0.8183893503486033,yes
45,0,18,1487,1,False,False,False,False,False,False,False,False,False,False,True,False,True,True,False,False,False,False,False,False,True,False,False,False,False,False,True,False,False,False,False,no,0.8179152528837459,yes
33,990,24,1491,2,False,False,False,True,False,False,False,False,False,False,False,False,False,False,True,False,False,True,False,False,False,False,False,False,False,True,False,False,False,False,False,yes,0.8127919691194124,yes
53,988,20,1408,5,False,False,False,False,False,False,False,False,True,False,False,True,False,False,True,False,False,False,False,False,False,True,False,False,False,False,False,False,False,False,False,yes,0.812293308140204,yes
39,70,8,813,1,True,False,False,False,False,False,False,False,False,False,False,True,False,False,False,False,False,False,False,False,True,False,False,False,False,False,False,False,True,False,False,yes,0.8119505106500305,yes
59,1558,29,1140,3,False,False,False,True,False,False,False,False,False,False,False,True,False,True,False,False,False,False,False,True,False,False,False,False,False,True,False,False,False,False,False,no,0.8077907777759575,yes
25,115,6,796,2,False,False,False,False,False,False,False,True,False,False,False,False,True,True,False,False,False,False,False,False,False,False,False,False,False,False,False,False,True,False,False,no,0.8068872314323374,yes
30,776,30,861,2,False,False,False,False,False,False,False,False,True,False,False,True,False,True,False,False,False,False,False,False,False,False,False,False,False,False,False,False,False,False,False,yes,0.8059368670688638,yes
28,1086,20,1112,3,False,False,False,False,False,False,False,False,True,False,False,True,False,True,False,False,False,True,False,False,False,False,False,False,False,False,False,False,False,False,False,yes,0.8050326763503157,yes
26,45,10,1187,3,False,False,False,True,False,False,False,False,False,False,False,False,True,False,True,False,False,False,False,False,False,False,False,False,False,True,False,False,False,False,False,yes,0.8048434758759934,yes
39,291,7,882,2,False,False,False,False,False,False,False,False,True,False,False,False,False,True,False,False,False,True,False,False,False,False,False,False,False,False,False,False,True,False,False,yes,0.8041869209677346,yes
30,5,17,840,3,True,False,False,False,False,False,False,False,False,False,False,True,False,True,False,False,False,False,False,False,False,False,False,False,False,False,False,False,False,False,False,yes,0.8041496233704107,yes
53,210,15,984,1,True,False,False,False,False,False,False,False,False,False,False,False,True,False,False,False,False,True,False,False,False,False,False,False,False,False,False,False,True,False,False,no,0.8023943025853265,yes
30,415,6,984,1,False,False,False,True,False,False,False,False,False,False,False,False,False,False,True,False,False,True,True,False,False,False,False,False,False,False,False,False,True,False,False,yes,0.799166822943002,yes
56,-116,8,1014,2,True,False,False,False,False,False,False,False,False,False,False,True,False,False,False,False,False,True,False,False,False,False,False,False,False,False,False,False,True,False,False,no,0.798352506585547,yes
56,8163,14,1231,4,True,False,False,False,False,False,False,False,False,False,False,True,False,False,False,False,False,False,False,False,False,True,False,False,False,False,False,False,False,False,False,yes,0.7972822915343315,yes
45,47,28,1972,2,True,False,False,False,False,False,False,False,False,False,False,True,False,False,True,False,False,True,False,False,False,False,False,False,True,False,False,False,False,False,False,no,0.7957748431337975,yes
37,141,6,848,1,False,False,False,False,False,False,False,False,True,False,False,False,False,True,False,False,False,True,False,False,False,False,False,False,False,False,False,False,True,False,False,yes,0.7953967680871746,yes
31,1815,9,1541,1,False,False,False,False,False,True,False,False,False,False,False,False,True,False,True,False,False,False,False,True,False,False,False,True,False,False,False,False,False,False,False,yes,0.7952873732754089,yes
38,4874,6,1291,3,False,False,False,False,False,False,False,False,False,False,False,True,False,True,False,False,False,False,False,False,True,False,False,False,False,False,True,False,False,False,False,no,0.7949555039625783,yes
46,14481,30,1269,1,False,False,False,True,False,False,False,False,False,False,False,False,False,False,True,False,False,True,False,False,True,False,False,False,False,False,False,False,True,False,False,yes,0.7936937942501039,yes
29,3672,28,1210,1,False,False,False,False,False,True,False,False,False,False,False,False,True,True,False,False,False,True,True,False,True,False,False,False,False,False,False,False,True,False,False,no,0.7924150945237923,yes
36,54,22,563,1,False,False,False,False,False,False,False,False,True,False,False,False,True,True,False,False,False,False,False,False,False,False,False,False,False,False,False,False,True,False,False,no,0.7922981968664365,yes
31,676,7,1182,1,False,False,False,True,False,False,False,False,False,False,False,True,False,False,True,False,False,False,False,False,False,True,False,False,False,False,False,False,False,False,False,yes,0.789779924904456,yes
33,1904,17,1584,2,False,False,False,False,False,True,False,False,False,False,False,False,False,True,False,False,False,True,False,False,False,False,False,False,False,True,False,False,False,False,False,yes,0.7894542749484199,yes
50,8648,12,731,3,False,False,False,False,True,False,False,False,False,False,False,True,False,True,False,False,False,False,False,False,False,False,False,False,False,False,False,False,True,False,False,yes,0.7887673858322399,yes
64,571,20,1422,2,False,False,False,False,True,False,False,False,False,False,False,True,False,True,False,False,False,True,False,False,False,False,False,False,False,False,False,False,False,False,False,yes,0.7875261353158682,yes
31,1406,13,1091,2,True,False,False,False,False,False,False,False,False,False,False,True,False,True,False,False,False,True,True,False,False,False,False,False,False,False,False,False,False,False,False,yes,0.7873201015488923,yes
47,477,7,973,1,False,False,False,False,False,False,False,False,True,False,False,False,False,False,True,False,False,True,False,True,False,False,False,False,False,False,False,False,True,False,False,no,0.7867557227246991,yes
32,1434,11,1144,3,False,False,False,True,False,False,False,False,False,False,False,False,True,False,True,False,False,False,False,False,False,True,False,False,False,False,False,False,False,False,False,no,0.7841688182783945,yes
44,1371,13,788,3,True,False,False,False,False,False,False,False,False,False,False,True,False,False,True,False,False,False,False,False,False,False,False,False,False,False,False,False,True,False,False,no,0.7837826833638266,yes
49,972,25,613,2,False,False,False,False,False,False,False,False,True,False,False,False,False,True,False,False,False,False,False,False,False,False,False,False,False,False,False,False,True,False,False,no,0.7815459099958012,yes
30,1028,4,1294,2,False,False,False,True,False,False,False,False,False,False,False,False,True,False,True,False,False,False,False,False,False,False,False,True,False,False,False,False,False,False,False,yes,0.7813060347232145,yes
33,191,13,1148,2,False,False,False,True,False,False,False,False,False,False,False,True,False,False,True,False,False,False,False,False,False,True,False,False,False,False,False,False,False,False,False,yes,0.7812792309383627,yes
31,3564,18,1377,1,False,False,False,False,False,False,False,False,True,False,False,True,False,False,True,False,False,False,False,False,False,False,False,False,False,False,False,False,False,True,False,no,0.7810809504212274,yes
30,315,14,884,3,False,False,False,False,False,False,False,False,False,False,False,False,True,True,False,False,False,True,False,False,False,False,False,False,False,False,False,False,True,False,False,yes,0.7799258448224126,yes
37,3943,6,1138,2,False,False,False,False,False,False,False,False,True,False,False,False,True,False,True,False,False,False,False,False,False,False,False,False,False,False,False,False,False,False,False,yes,0.7795147130426986,yes
48,-361,12,1062,3,False,False,False,False,False,False,True,False,False,False,False,False,False,True,False,False,False,True,False,False,False,False,False,False,False,False,False,False,True,False,False,yes,0.778740468693982,yes
32,45,14,908,3,False,False,False,False,False,False,False,False,False,False,False,False,True,True,False,False,False,True,True,False,False,False,False,False,False,False,False,False,True,False,False,no,0.7773512894992058,yes
40,3658,14,977,1,True,False,False,False,False,False,False,False,False,False,False,True,False,False,False,False,False,True,False,False,True,False,False,False,False,False,False,False,True,False,False,no,0.7773357265449781,yes
28,41,15,885,3,False,False,False,True,False,False,False,False,False,False,False,False,True,False,True,False,False,True,False,False,False,False,False,False,False,False,False,False,True,False,False,yes,0.7768039793608339,yes
32,469,14,925,1,False,False,False,True,False,False,False,False,False,False,False,False,True,False,True,False,False,True,False,False,False,False,False,False,False,False,False,False,True,False,False,no,0.7731498872009819,yes
25,507,15,832,1,False,False,False,False,False,False,False,False,False,False,False,False,True,True,False,False,False,True,False,False,False,False,False,False,False,False,False,False,True,False,False,yes,0.7723522661263418,yes
57,734,6,1357,4,False,False,False,False,True,False,False,False,False,False,False,False,False,False,True,False,False,False,False,False,False,True,False,False,False,False,False,False,False,False,False,yes,0.7721907267394476,yes
59,3,17,1199,2,False,False,False,False,True,False,False,False,False,False,False,True,False,True,False,False,False,False,False,False,True,False,False,False,False,False,True,False,False,False,False,no,0.7705990187985301,yes
46,126,18,1255,1,False,False,False,False,False,False,False,False,False,False,False,True,False,True,False,False,False,False,False,False,True,False,False,False,False,False,True,False,False,False,False,yes,0.7692687123625072,yes
57,4391,4,1416,1,False,False,False,False,False,False,False,False,False,False,False,True,False,True,False,False,False,False,False,True,False,False,False,True,False,False,False,False,False,False,False,yes,0.7689118644391177,yes
40,572,21,971,2,False,False,False,False,False,False,False,False,True,False,False,False,True,True,False,False,False,False,False,False,False,True,False,False,False,False,False,False,False,False,False,no,0.7681622176854189,yes
31,1738,5,895,3,True,False,False,False,False,False,False,False,False,False,False,True,False,False,False,False,False,False,False,True,False,False,False,True,False,False,False,False,False,False,False,no,0.7666544179473102,yes
33,315,14,888,3,False,False,False,False,False,False,False,False,False,False,False,False,True,True,False,False,False,True,True,False,False,False,False,False,False,False,False,False,True,False,False,yes,0.7655352543119825,yes
59,514,4,673,6,False,False,False,False,True,False,False,False,False,False,False,False,False,True,False,False,False,False,False,False,False,False,False,False,False,False,False,False,True,False,False,yes,0.7643328199288071,yes
36,318,14,924,4,False,False,False,False,False,False,False,False,True,False,False,False,True,True,False,False,False,False,False,False,False,True,False,False,False,False,False,False,False,False,False,no,0.7640756474217049,yes
35,3837,8,1084,1,False,False,False,True,False,False,False,False,False,False,False,False,False,False,True,False,False,True,False,False,True,False,False,False,False,False,False,False,True,False,False,yes,0.7626047966020144,yes
45,844,5,1018,3,True,False,False,False,False,False,False,False,False,False,False,False,False,False,False,False,False,False,False,False,True,False,False,False,False,False,True,False,False,False,False,yes,0.7612742562835312,yes
33,5,17,1007,2,True,False,False,False,False,False,False,False,False,False,False,True,False,False,False,False,False,True,False,False,False,False,False,False,False,False,False,False,False,False,False,yes,0.7594704521462808,yes
48,480,15,830,1,True,False,False,False,False,False,False,False,False,False,False,True,False,True,False,False,False,True,False,False,False,False,False,False,False,False,False,False,True,False,False,yes,0.7593635593648403,yes
32,1660,11,1389,2,False,False,False,True,False,False,False,False,False,False,False,True,False,False,True,False,False,True,False,False,False,False,False,False,False,True,False,False,False,False,False,no,0.7589941089691616,yes
28,247,6,1192,3,False,False,False,True,False,False,False,False,False,False,False,True,False,False,True,False,False,False,False,False,False,False,False,True,False,False,False,False,False,False,False,no,0.7587415639366183,yes
32,-6,23,881,2,False,False,False,False,False,True,False,False,False,False,False,True,False,False,False,False,False,False,False,False,True,False,False,False,False,False,False,False,True,False,False,no,0.7585993976056629,yes
47,225,28,1126,4,False,False,False,False,False,False,False,False,False,False,False,False,False,True,False,False,False,False,False,False,False,True,False,False,False,False,False,False,False,False,False,yes,0.7567851482008975,yes
37,-242,13,1149,6,False,False,False,False,False,False,False,False,True,False,False,False,True,True,False,False,False,True,False,False,False,True,False,False,False,False,False,False,False,False,False,yes,0.7563940150723443,yes
38,2253,13,937,3,False,False,False,False,False,False,True,False,False,False,False,False,True,True,False,False,False,True,False,False,False,False,False,False,False,False,False,False,True,False,False,yes,0.7558133578998326,yes
30,3300,21,1571,1,False,False,False,False,False,False,False,True,False,False,False,False,True,False,True,False,False,False,False,False,False,False,False,False,False,False,False,False,False,True,False,yes,0.7556189611777238,yes
32,131,23,1152,2,False,False,False,True,False,False,False,False,False,False,False,False,True,True,False,False,False,True,True,False,False,False,False,False,False,True,False,False,False,False,False,yes,0.7550422459706528,yes
47,1374,8,479,2,False,False,False,False,True,False,False,False,False,False,False,True,False,False,False,False,False,False,True,True,False,False,False,False,False,False,False,False,True,False,False,yes,0.7546489541892126,yes
32,3271,4,949,3,False,False,False,False,False,True,False,False,False,False,False,False,False,False,True,False,False,False,False,False,False,False,False,False,False,False,False,False,True,False,False,yes,0.7542247946965661,yes
35,293,17,1017,1,True,False,False,False,False,False,False,False,False,False,False,True,False,True,False,False,False,True,False,False,False,False,False,False,False,False,False,False,False,False,False,yes,0.7539608396203817,yes
38,6360,20,1409,2,False,False,False,False,False,False,True,False,False,False,False,False,False,False,False,True,False,False,False,False,True,False,False,False,False,False,True,False,False,False,False,yes,0.7538735371873091,yes
37,1097,21,1555,2,False,False,False,False,False,False,False,False,False,False,False,False,True,True,False,False,False,True,False,False,False,False,False,False,False,False,False,False,False,True,False,yes,0.7535613715997657,yes
36,22856,9,1098,1,False,False,False,True,False,False,False,False,False,False,False,True,False,False,False,False,False,False,False,False,True,False,False,False,False,False,True,False,False,False,False,no,0.7531066953360478,yes
28,153,23,1124,2,False,False,False,False,False,False,False,True,False,False,False,False,True,True,False,False,False,False,False,False,False,False,False,False,False,True,False,False,False,False,False,yes,0.7525359575596798,yes
42,105,11,1159,4,False,False,False,False,False,False,False,False,False,False,False,True,False,True,False,False,False,False,False,False,True,False,False,False,False,False,True,False,False,False,False,yes,0.7512843114725768,yes
32,94,17,1013,2,False,False,False,False,False,False,False,False,True,False,False,True,False,True,False,False,False,True,False,False,False,False,False,False,False,False,False,False,False,False,False,no,0.7506231288962867,yes
40,973,14,449,1,True,False,False,False,False,False,False,False,False,False,False,False,False,True,False,False,False,False,False,False,False,False,False,False,False,False,False,False,True,False,False,yes,0.7504412407751612,yes
40,2040,18,906,2,False,False,False,False,False,False,False,False,False,False,False,False,True,True,False,False,False,True,False,False,False,False,False,False,False,False,False,False,True,False,False,yes,0.7502281760502714,yes
54,1134,25,1330,3,False,False,False,True,False,False,False,False,False,False,False,True,False,True,False,False,False,True,False,False,False,False,False,False,False,True,False,False,False,False,False,yes,0.7498147851180168,yes
60,-63,7,1434,5,False,False,False,False,True,False,False,False,False,False,False,True,False,False,False,False,False,True,False,False,False,False,False,False,False,True,False,False,False,False,False,no,0.749573540446552,yes
44,953,11,772,2,True,False,False,False,False,False,False,False,False,False,False,True,False,False,False,False,False,True,False,False,False,False,False,False,False,False,False,False,True,False,False,no,0.7495228227310944,yes
50,2668,17,1606,1,False,False,False,False,False,False,False,False,False,True,False,False,True,True,False,False,False,False,False,True,False,False,False,False,False,False,False,False,False,True,False,no,0.7480379827377076,yes
38,1223,12,1092,5,False,False,False,True,False,False,False,False,False,False,False,True,False,False,True,False,False,False,False,False,False,True,False,False,False,False,False,False,False,False,False,yes,0.7478642690734941,yes
38,1817,28,1096,4,True,False,False,False,False,False,False,False,False,False,False,False,False,True,False,False,False,True,False,False,False,False,False,False,False,True,False,False,False,False,False,yes,0.7467311507616736,yes
41,2550,15,894,2,False,False,False,False,False,False,False,False,False,False,False,False,False,True,False,False,False,True,False,False,False,False,False,False,False,False,False,False,True,False,False,no,0.7445299881244376,yes
21,224,30,871,1,False,False,False,False,False,False,False,True,False,False,False,False,True,True,False,False,False,False,False,False,False,False,False,False,False,False,False,False,False,False,False,yes,0.7417658251966608,yes
28,1,8,923,1,False,False,True,False,False,False,False,False,False,False,False,False,False,False,False,False,False,True,False,False,True,False,False,False,False,False,False,False,True,False,False,no,0.7410178629516858,yes
42,301,17,1175,2,True,False,False,False,False,False,False,False,False,False,False,False,False,False,False,False,False,True,False,False,False,False,False,False,False,True,False,False,False,False,False,yes,0.7406241181054257,yes
32,264,19,1502,1,False,False,False,False,False,False,True,False,False,False,False,True,False,True,False,False,False,True,True,False,False,False,False,False,False,False,False,False,False,True,False,yes,0.7404750553348105,yes
46,460,7,1102,2,True,False,False,False,False,False,False,False,False,False,False,False,True,False,True,False,False,True,False,False,True,False,False,False,False,False,False,False,True,False,False,yes,0.7373152313377119,yes
35,1330,10,901,1,True,False,False,False,False,False,False,False,False,False,False,True,False,True,False,False,False,False,False,False,False,False,False,False,False,True,False,False,False,False,False,yes,0.735172616013264,yes
26,0,2,1223,2,False,False,False,False,False,False,False,True,False,False,False,False,True,True,False,False,False,False,False,False,False,False,False,True,False,False,False,False,False,False,False,yes,0.7339140427397942,yes
41,4910,3,1090,1,True,False,False,False,False,False,False,False,False,False,False,True,False,True,False,False,False,True,False,False,False,False,False,False,False,False,False,False,False,False,False,no,0.7336509960717013,yes
56,2774,6,1288,3,False,False,False,False,True,False,False,False,False,False,False,False,False,False,True,False,False,False,False,False,True,False,False,False,False,False,True,False,False,False,False,no,0.731738796191246,yes
28,4987,2,924,2,False,False,False,False,False,False,False,False,True,False,False,False,True,False,True,False,False,False,False,False,False,False,False,False,False,False,True,False,False,False,False,yes,0.7309197474716934,yes
45,803,4,742,4,True,False,False,False,False,False,False,False,False,False,False,True,False,False,False,False,False,True,False,False,False,False,False,False,False,False,False,False,True,False,False,yes,0.7292628666466635,yes
74,4515,17,1161,5,False,False,False,True,False,False,False,False,False,False,False,True,False,False,True,False,False,False,False,True,False,False,False,False,False,False,False,False,False,False,False,no,0.7288567389784293,yes
29,79,6,811,1,False,False,False,False,False,False,True,False,False,False,False,False,True,True,False,False,False,True,False,False,False,False,False,False,False,False,False,False,True,False,False,no,0.7261029807576863,yes
48,551,17,1064,3,True,False,False,False,False,False,False,False,False,False,False,True,False,False,False,False,False,True,True,False,False,False,False,False,False,False,False,False,False,False,False,no,0.7258158587159885,yes
25,373,11,819,2,False,False,False,False,False,False,False,True,False,False,False,False,True,False,False,False,False,True,False,False,False,False,False,False,False,False,False,False,True,False,False,yes,0.7242428632398834,yes
40,1248,11,1290,2,False,False,False,False,False,False,False,False,False,False,False,False,True,False,True,False,False,False,False,False,True,False,False,False,False,False,True,False,False,False,False,yes,0.7235201338057187,yes
51,1610,16,1248,3,False,False,False,True,False,False,False,False,False,False,False,False,True,True,False,False,False,True,False,False,True,False,False,False,False,False,True,False,False,False,False,yes,0.7230896132839637,yes
46,842,8,833,1,True,False,False,False,False,False,False,False,False,False,False,True,False,False,False,True,False,True,False,True,False,False,False,False,False,False,False,False,True,False,False,yes,0.7219956384247668,yes
48,-92,3,1393,1,False,False,False,False,False,False,False,False,True,False,False,False,True,True,False,False,False,True,False,False,False,False,False,True,False,False,False,False,False,False,False,yes,0.7213862423894474,yes
59,2376,13,766,1,False,False,False,False,True,False,False,False,False,False,False,True,False,True,False,False,False,False,False,False,True,False,False,False,False,False,False,False,True,False,False,no,0.7174793257260936,yes
60,-41,6,1658,1,False,False,False,False,False,False,False,False,False,False,False,False,False,True,False,False,False,True,True,False,False,False,False,True,False,False,False,False,False,False,False,yes,0.7173088589703701,yes
41,618,5,1056,1,False,False,False,False,False,False,False,False,True,False,False,False,True,True,False,False,False,False,False,False,False,False,False,True,False,False,False,False,False,False,False,no,0.7166505066442586,yes
48,183,9,940,1,True,False,False,False,False,False,False,False,False,False,False,False,False,False,False,False,False,False,False,False,True,False,False,False,False,False,True,False,False,False,False,yes,0.7165360109148934,yes
60,65,9,1028,2,False,False,False,False,False,False,False,False,True,False,False,True,False,False,False,False,False,True,False,False,True,False,False,False,False,False,False,False,True,False,False,yes,0.7159339384733441,yes
29,27,6,754,1,False,False,False,False,False,False,False,False,False,False,False,False,True,True,False,False,False,True,False,False,False,False,False,False,False,False,False,False,True,False,False,yes,0.7153845003562218,yes
44,-368,5,895,1,False,False,False,False,False,False,True,False,False,False,False,False,False,True,False,False,False,True,False,False,False,False,False,False,False,False,False,False,True,False,False,yes,0.7136506600805838,yes
54,-394,15,895,5,False,False,False,False,False,False,False,False,False,False,False,False,False,True,False,False,False,True,False,False,False,False,False,False,False,False,False,False,True,False,False,no,0.7115620528779708,yes
46,659,29,1127,11,False,False,False,False,False,False,False,False,False,False,False,True,False,True,False,False,False,True,False,True,False,False,False,False,False,True,False,False,False,False,False,yes,0.7115119388656057,yes
35,2777,7,633,1,False,False,False,False,False,False,False,False,True,False,False,False,False,True,False,False,False,True,False,False,False,False,False,False,False,False,False,False,True,False,False,no,0.7114653743946326,yes
40,438,15,823,2,False,False,False,False,False,False,False,False,False,False,False,True,False,True,False,False,False,True,False,False,False,False,False,False,False,False,False,False,True,False,False,no,0.7108583832006248,yes
51,13292,16,1238,2,False,False,True,False,False,False,False,False,False,False,False,True,False,False,False,False,False,False,False,False,True,False,False,False,False,False,True,False,False,False,False,no,0.7094357280150683,yes
45,-207,15,878,2,True,False,False,False,False,False,False,False,False,False,False,False,False,False,False,False,False,False,False,False,False,False,False,False,False,True,False,False,False,False,False,yes,0.7085459144606372,yes
29,940,15,757,1,False,False,False,False,False,False,False,False,True,False,False,False,True,False,True,False,False,True,False,False,False,False,False,False,False,False,False,False,True,False,False,no,0.707455695824051,yes
34,-578,18,767,2,False,False,False,True,False,False,False,False,False,False,False,False,True,False,True,False,False,True,False,False,False,False,False,False,False,False,False,False,True,False,False,yes,0.7068665720466151,yes
36,1925,20,904,2,True,False,False,False,False,False,False,False,False,False,False,True,False,False,False,False,False,True,False,False,False,False,False,False,False,False,False,False,False,False,False,yes,0.7044537020058189,yes
46,1328,22,1241,2,False,False,True,False,False,False,False,False,False,False,False,False,True,False,True,False,False,False,False,False,False,True,False,False,False,False,False,False,False,False,False,no,0.7037276188171284,yes
52,36,11,930,1,False,False,False,False,False,False,True,False,False,False,False,False,False,True,False,False,False,True,True,False,False,False,False,False,False,False,False,False,True,False,False,yes,0.7011373278863956,yes
40,1970,8,579,1,False,False,False,False,False,False,False,False,False,False,False,False,True,False,False,False,False,False,False,False,False,False,False,False,False,False,False,False,True,False,False,no,0.6989044539622212,yes
44,-395,5,894,1,False,False,False,False,False,False,True,False,False,False,False,True,False,True,False,False,False,True,False,False,False,False,False,False,False,False,False,False,True,False,False,yes,0.6986548982686891,yes
40,3652,14,1028,2,False,False,False,False,False,False,False,False,True,False,False,False,True,False,False,True,False,True,False,False,True,False,False,False,False,False,False,False,True,False,False,yes,0.6982522159022495,yes
36,212,23,1201,6,False,False,False,False,False,False,False,False,False,False,False,True,False,True,False,False,False,True,True,False,False,False,False,False,False,True,False,False,False,False,False,yes,0.69815890365591,yes
32,7107,17,882,2,True,False,False,False,False,False,False,False,False,False,False,True,False,True,False,False,False,True,False,False,False,False,False,False,False,False,False,False,False,False,False,no,0.6944613886373333,yes
40,158,30,712,2,False,False,False,True,False,False,False,False,False,False,False,True,False,False,True,False,False,False,False,True,False,False,False,False,False,False,False,False,False,False,False,yes,0.6940973868754335,yes
48,476,11,856,3,True,False,False,False,False,False,False,False,False,False,False,True,False,False,False,False,False,False,False,False,False,True,False,False,False,False,False,False,False,False,False,yes,0.693690170171168,yes
34,2729,6,945,1,False,False,False,False,False,False,False,False,True,False,False,False,True,True,False,False,False,True,False,False,False,False,False,False,False,False,False,False,False,False,False,no,0.6935871702762463,yes
36,1975,18,835,1,False,False,False,False,False,False,False,False,True,False,False,True,False,True,False,False,False,False,False,False,False,False,False,False,False,True,False,False,False,False,False,no,0.6930818676520529,yes
30,0,27,1051,1,False,True,False,False,False,False,False,False,False,False,False,False,True,False,False,False,False,True,True,False,True,False,False,False,False,False,False,False,True,False,False,yes,0.692974426692632,yes
46,0,27,763,5,False,False,False,True,False,False,False,False,False,False,False,False,False,True,False,False,False,False,False,False,False,True,False,False,False,False,False,False,False,False,False,yes,0.6926180371611806,yes
56,-9,8,728,1,True,False,False,False,False,False,False,False,False,False,False,False,False,False,False,False,False,True,True,False,False,False,False,False,False,False,False,False,True,False,False,yes,0.6913582784696303,yes
29,160,9,844,2,False,False,False,True,False,False,False,False,False,False,False,True,False,True,False,False,False,False,False,False,False,False,False,True,False,False,False,False,False,False,False,no,0.6891132419304364,yes
43,483,19,950,6,False,False,False,True,False,False,False,False,False,False,False,False,True,False,True,False,False,False,False,False,False,True,False,False,False,False,False,False,False,False,False,yes,0.684202129069299,yes
33,77,28,958,6,False,False,False,False,False,True,False,False,False,False,False,True,False,True,False,False,False,False,False,False,False,True,False,False,False,False,False,False,False,False,False,no,0.6828020365641442,yes
30,635,13,851,8,False,False,False,False,False,False,False,False,True,False,False,False,True,False,True,False,False,False,False,False,False,True,False,False,False,False,False,False,False,False,False,yes,0.6820199824104572,yes
35,286,30,949,2,False,False,False,False,False,False,False,False,False,False,False,True,False,False,True,False,False,False,False,False,False,False,False,False,False,False,False,False,False,False,False,yes,0.679035347823626,yes
45,956,7,643,1,True,False,False,False,False,False,False,False,False,False,False,True,False,False,False,False,False,True,False,False,False,False,False,False,False,False,False,False,True,False,False,no,0.6785992936421292,yes
44,-61,11,1015,1,False,False,False,True,False,False,False,False,False,False,False,True,False,False,True,False,False,False,False,False,False,True,False,False,False,False,False,False,False,False,False,no,0.6776372411665904,yes
45,-357,18,618,1,False,False,False,False,False,False,False,False,True,False,False,False,False,True,False,False,False,True,True,False,False,False,False,False,False,False,False,False,True,False,False,yes,0.6774578668058792,yes
28,-56,23,884,1,False,False,False,True,False,False,False,False,False,False,False,False,True,False,True,False,False,False,True,False,False,False,False,False,False,True,False,False,False,False,False,no,0.6768419234715712,yes
26,-277,16,1018,2,False,False,False,False,False,False,False,False,True,False,False,True,False,False,False,True,False,True,False,False,False,False,False,False,False,False,False,False,False,False,False,no,0.6766253982310371,yes
34,787,15,665,1,False,False,True,False,False,False,False,False,False,False,False,False,False,True,False,False,False,True,False,False,False,False,False,False,False,False,False,False,True,False,False,no,0.6765280476944465,yes
56,340,21,1220,1,False,False,False,False,True,False,False,False,False,False,False,True,False,False,False,False,False,True,False,False,False,False,False,False,False,True,False,False,False,False,False,no,0.676234123940561,yes
42,2913,3,705,1,True,False,False,False,False,False,False,False,False,False,False,True,False,True,False,False,False,False,False,False,False,False,False,False,False,False,True,False,False,False,False,yes,0.676100503669481,yes
29,-19,20,712,4,True,False,False,False,False,False,False,False,False,False,False,False,False,True,False,False,False,True,False,False,False,False,False,False,False,False,False,False,False,False,False,yes,0.6739868765304375,yes
26,96,13,612,2,False,False,False,False,False,False,False,False,False,False,False,False,True,True,False,False,False,True,False,False,False,False,False,False,False,False,False,False,True,False,False,no,0.6712172091827441,yes
55,-458,23,1331,3,False,False,False,False,True,False,False,False,False,False,False,False,False,False,True,False,False,True,False,False,False,False,False,False,False,True,False,False,False,False,False,no,0.669028512800271,yes
41,1020,19,882,1,False,False,False,False,False,False,False,False,False,False,False,False,True,True,False,False,False,True,False,False,True,False,False,False,False,False,False,False,True,False,False,yes,0.6678447750497476,yes
41,663,24,1204,1,False,True,False,False,False,False,False,False,False,False,False,False,True,True,False,False,False,False,False,False,False,False,False,False,False,True,False,False,False,False,False,yes,0.6676807931658819,yes
59,6888,20,1025,2,False,False,False,False,True,False,False,False,False,False,False,True,False,True,False,False,False,False,False,True,False,False,False,False,False,False,False,False,False,True,False,yes,0.6656819313720991,yes
52,-191,15,755,1,True,False,False,False,False,False,False,False,False,False,False,False,False,False,False,False,False,True,False,False,True,False,False,False,False,False,False,False,True,False,False,yes,0.663921274442045,yes
45,675,20,890,2,True,False,False,False,False,False,False,False,False,False,False,True,False,False,False,False,False,True,False,False,False,False,False,False,False,False,False,False,False,False,False,no,0.6619154709267803,yes
31,33,24,901,2,True,False,False,False,False,False,False,False,False,False,False,True,False,False,False,False,False,True,False,False,False,False,False,False,False,True,False,False,False,False,False,yes,0.6614780858358704,yes
60,597,15,981,1,False,False,False,False,True,False,False,False,False,False,False,True,False,True,False,False,False,False,False,False,False,False,False,False,False,True,False,False,False,False,False,yes,0.6610726234802063,yes
32,2678,18,779,9,False,False,True,False,False,False,False,False,False,False,False,True,False,False,False,False,False,False,False,False,False,True,False,False,False,False,False,False,False,False,False,no,0.6587968303585936,yes
